TeamID,TeamName,Description,PowerFive,Wins,Loss, PF , PA , FGPct ,FGM,FGA, FG3Pct ,FGM3,FGA3, FTPct ,FTM,FTA, Reb , OReb , DReb , Ast , TO , Stl , Blk ,NET,POM,TRP
1211,Gonzaga,West Coast Conference,0,26,0, 92.12 , 69.12 , 55.09 ,888,1612, 36.47 ,190,521, 72.59 ,429,591, 35.50 , 8.23 , 27.27 , 18.31 , 11.92 , 8.31 , 2.85 ,1,1,1
1276,Michigan,Big Ten Conference,1,20,4, 76.25 , 65.38 , 48.37 ,669,1383, 38.68 ,181,468, 77.75 ,311,400, 35.17 , 8.08 , 27.08 , 15.46 , 10.67 , 4.42 , 4.29 ,4,2,6
1228,Illinois,Big Ten Conference,1,23,6, 81.41 , 69.24 , 49.85 ,851,1707, 37.60 ,197,524, 69.06 ,462,669, 37.72 , 9.45 , 28.28 , 16.31 , 12.76 , 5.72 , 2.83 ,3,3,3
1124,Baylor,Big 12 Conference,1,22,2, 84.38 , 66.42 , 49.31 ,746,1513, 41.82 ,248,593, 69.68 ,285,409, 33.71 , 11.33 , 22.38 , 17.04 , 12.17 , 8.96 , 3.75 ,2,4,2
1234,Iowa,Big Ten Conference,1,21,8, 83.76 , 71.93 , 46.90 ,863,1840, 38.61 ,283,733, 71.31 ,420,589, 38.00 , 10.17 , 27.83 , 19.00 , 9.14 , 5.59 , 4.52 ,6,5,4
1222,Houston,American Athletic Conference,0,23,3, 76.31 , 58.31 , 43.83 ,693,1581, 35.48 ,237,668, 74.28 ,361,486, 37.62 , 12.85 , 24.77 , 13.69 , 10.15 , 7.85 , 4.65 ,5,6,5
1326,Ohio St,Big Ten Conference,1,21,9, 77.33 , 70.97 , 45.96 ,790,1719, 36.48 ,247,677, 76.32 ,493,646, 33.17 , 8.33 , 24.83 , 13.03 , 9.93 , 4.60 , 3.43 ,8,7,9
1104,Alabama,Southeastern Conference,1,24,6, 79.57 , 69.77 , 43.06 ,834,1937, 35.09 ,320,912, 72.02 ,399,554, 36.37 , 10.40 , 25.97 , 14.13 , 13.83 , 8.63 , 4.33 ,7,8,7
1260,Loyola-Chicago,Missouri Valley Conference,0,22,4, 70.54 , 55.85 , 49.74 ,675,1357, 35.66 ,179,502, 73.32 ,305,416, 30.12 , 6.42 , 23.69 , 15.54 , 11.38 , 7.12 , 2.31 ,10,9,31
1458,Wisconsin,Big Ten Conference,1,17,12, 69.62 , 64.31 , 42.07 ,711,1690, 35.99 ,248,689, 76.70 ,349,455, 30.72 , 6.69 , 24.03 , 13.31 , 8.59 , 5.86 , 3.79 ,27,10,20
1438,Virginia,Atlantic Coast Conference,1,18,6, 68.63 , 60.46 , 48.03 ,608,1266, 38.13 ,204,535, 81.65 ,227,278, 29.54 , 5.54 , 24.00 , 13.96 , 8.58 , 4.92 , 4.33 ,12,11,18
1437,Villanova,Big East Conference,0,16,6, 75.55 , 67.14 , 44.97 ,581,1292, 35.24 ,203,576, 76.55 ,297,388, 31.23 , 7.86 , 23.36 , 15.27 , 8.45 , 5.32 , 1.45 ,17,12,8
1345,Purdue,Big Ten Conference,1,18,9, 71.11 , 66.30 , 45.12 ,689,1527, 33.51 ,192,573, 71.14 ,350,492, 34.52 , 9.67 , 24.85 , 14.30 , 11.89 , 5.19 , 3.41 ,22,13,22
1425,USC,Pacific-12 Conference,1,22,7, 74.76 , 65.10 , 46.71 ,788,1687, 34.79 ,183,526, 64.72 ,409,632, 36.31 , 10.48 , 25.83 , 13.66 , 12.10 , 4.79 , 5.24 ,19,14,21
1199,Florida St,Atlantic Coast Conference,1,16,6, 78.91 , 70.32 , 47.44 ,620,1307, 39.01 ,181,464, 73.77 ,315,427, 34.68 , 10.41 , 24.27 , 14.59 , 14.14 , 7.41 , 5.14 ,25,15,13
1163,Connecticut,Big East Conference,0,15,7, 72.55 , 64.64 , 43.92 ,581,1323, 33.64 ,148,440, 73.15 ,286,391, 35.00 , 11.41 , 23.59 , 13.05 , 11.18 , 6.18 , 5.27 ,30,16,23
1160,Colorado,Pacific-12 Conference,1,22,8, 73.03 , 63.27 , 45.45 ,774,1703, 36.72 ,224,610, 82.16 ,419,510, 31.80 , 8.07 , 23.73 , 13.23 , 10.27 , 5.30 , 2.77 ,15,17,19
1116,Arkansas,Southeastern Conference,1,22,6, 82.39 , 70.68 , 45.48 ,825,1814, 33.90 ,220,649, 73.69 ,437,593, 36.71 , 10.57 , 26.14 , 14.93 , 12.82 , 8.04 , 5.14 ,14,18,16
1166,Creighton,Big East Conference,0,20,8, 76.96 , 68.29 , 47.58 ,797,1675, 36.66 ,272,742, 64.22 ,289,450, 32.61 , 6.89 , 25.71 , 15.86 , 10.79 , 7.07 , 3.50 ,26,19,12
1361,San Diego St,Mountain West Conference,0,22,4, 73.73 , 61.31 , 45.35 ,668,1473, 37.46 ,218,582, 71.88 ,363,505, 31.88 , 8.19 , 23.69 , 13.81 , 10.77 , 8.12 , 2.85 ,18,20,26
1397,Tennessee,Southeastern Conference,1,18,8, 72.50 , 63.23 , 44.33 ,661,1491, 33.79 ,173,512, 74.57 ,390,523, 32.73 , 9.38 , 23.35 , 15.04 , 11.96 , 7.23 , 4.92 ,13,21,15
1242,Kansas,Big 12 Conference,1,19,8, 72.52 , 66.19 , 43.71 ,705,1613, 33.79 ,196,580, 71.54 ,352,492, 35.00 , 10.07 , 24.93 , 13.63 , 11.96 , 6.70 , 4.04 ,11,22,10
1403,Texas Tech,Big 12 Conference,1,17,10, 73.04 , 63.41 , 44.32 ,686,1548, 34.71 ,168,484, 71.05 ,432,608, 32.56 , 10.33 , 22.22 , 12.93 , 10.48 , 7.26 , 4.07 ,16,23,11
1140,BYU,West Coast Conference,0,19,6, 77.56 , 68.84 , 47.78 ,710,1486, 37.26 ,215,577, 73.61 ,304,413, 36.60 , 8.32 , 28.28 , 16.16 , 13.00 , 4.68 , 2.84 ,20,24,30
1382,St Bonaventure,Atlantic 10 Conference,0,16,4, 70.50 , 60.35 , 44.88 ,521,1161, 35.41 ,131,370, 73.37 ,237,323, 34.30 , 9.90 , 24.40 , 14.80 , 10.40 , 6.00 , 3.90 ,23,25,36
1400,Texas,Big 12 Conference,1,19,7, 75.23 , 68.81 , 45.39 ,684,1507, 35.66 ,225,631, 70.76 ,363,513, 35.77 , 9.58 , 26.19 , 13.04 , 13.77 , 6.50 , 3.92 ,21,26,14
1452,West Virginia,Big 12 Conference,1,18,9, 77.30 , 72.11 , 42.83 ,711,1660, 35.70 ,196,549, 71.71 ,469,654, 34.89 , 11.89 , 23.00 , 13.78 , 11.63 , 7.48 , 2.85 ,24,27,17
1314,North Carolina,Atlantic Coast Conference,1,18,10, 75.68 , 69.39 , 44.07 ,776,1761, 31.65 ,157,496, 66.78 ,410,614, 40.11 , 13.96 , 26.14 , 15.46 , 14.43 , 7.21 , 4.71 ,32,28,24
1261,LSU,Southeastern Conference,1,18,9, 82.11 , 75.33 , 46.34 ,784,1692, 35.03 ,220,628, 74.74 ,429,574, 35.33 , 10.26 , 25.07 , 12.30 , 11.30 , 8.07 , 2.78 ,28,29,25
1329,Oklahoma St,Big 12 Conference,1,20,8, 77.07 , 72.89 , 46.80 ,775,1656, 33.84 ,179,529, 71.26 ,429,602, 35.21 , 9.29 , 25.93 , 13.18 , 15.64 , 7.29 , 4.36 ,29,30,27
1268,Maryland,Big Ten Conference,1,15,13, 67.68 , 65.21 , 45.07 ,667,1480, 34.85 ,222,637, 70.33 ,339,482, 30.39 , 5.82 , 24.57 , 12.79 , 10.79 , 5.07 , 3.39 ,35,31,37
1210,Georgia Tech,Atlantic Coast Conference,1,17,8, 75.52 , 70.00 , 47.41 ,695,1466, 34.87 ,189,542, 72.71 ,309,425, 28.32 , 6.88 , 21.44 , 16.00 , 10.56 , 9.16 , 3.40 ,34,32,34
1181,Duke,Atlantic Coast Conference,1,13,11, 76.00 , 71.29 , 46.88 ,692,1476, 35.14 ,201,572, 69.08 ,239,346, 32.54 , 9.63 , 22.92 , 15.75 , 12.33 , 8.13 , 4.50 ,49,33,28
1353,Rutgers,Big Ten Conference,1,15,11, 69.96 , 68.23 , 45.08 ,696,1544, 31.09 ,157,505, 63.23 ,270,427, 33.08 , 8.38 , 24.69 , 13.81 , 10.81 , 7.81 , 5.23 ,38,34,35
1336,Penn St,Big Ten Conference,1,11,14, 72.64 , 73.00 , 40.78 ,637,1562, 33.79 ,221,654, 73.79 ,321,435, 33.24 , 10.04 , 23.20 , 13.16 , 11.00 , 7.92 , 2.36 ,42,35,48
1332,Oregon,Pacific-12 Conference,1,20,6, 74.38 , 67.42 , 47.23 ,715,1514, 37.91 ,218,575, 70.44 ,286,406, 30.69 , 8.19 , 22.50 , 13.31 , 11.00 , 7.46 , 3.62 ,33,36,32
1196,Florida,Southeastern Conference,1,14,9, 73.96 , 69.83 , 46.43 ,605,1303, 35.68 ,157,440, 75.74 ,334,441, 31.48 , 8.52 , 22.96 , 11.83 , 13.96 , 7.30 , 5.39 ,31,37,33
1272,Memphis,American Athletic Conference,0,16,8, 72.08 , 62.88 , 44.05 ,625,1419, 35.45 ,179,505, 62.06 ,301,485, 36.54 , 10.83 , 25.71 , 16.00 , 16.00 , 9.04 , 4.88 ,52,38,44
1328,Oklahoma,Big 12 Conference,1,15,10, 74.76 , 69.24 , 44.17 ,670,1517, 33.84 ,200,591, 74.43 ,329,442, 33.52 , 8.72 , 24.80 , 13.40 , 10.48 , 7.36 , 3.44 ,36,39,29
1429,Utah St,Mountain West Conference,0,19,8, 72.67 , 62.19 , 44.40 ,721,1624, 33.65 ,177,526, 71.76 ,343,478, 38.04 , 11.44 , 26.59 , 16.22 , 12.96 , 6.59 , 4.93 ,39,40,45
1393,Syracuse,Atlantic Coast Conference,1,16,9, 75.84 , 70.72 , 44.10 ,677,1535, 33.67 ,203,603, 78.47 ,339,432, 32.36 , 9.00 , 23.36 , 15.20 , 10.60 , 8.72 , 4.88 ,40,41,42
1155,Clemson,Atlantic Coast Conference,1,16,7, 65.30 , 62.00 , 42.80 ,541,1264, 34.59 ,192,555, 76.51 ,228,298, 30.04 , 7.43 , 22.61 , 13.26 , 11.91 , 6.09 , 2.87 ,41,42,39
1112,Arizona,Pacific-12 Conference,1,17,9, 75.42 , 68.58 , 44.71 ,667,1492, 37.18 ,174,468, 72.71 ,453,623, 35.31 , 10.19 , 25.12 , 15.50 , 11.46 , 5.85 , 4.00 ,44,43,41
1417,UCLA,Pacific-12 Conference,1,17,9, 72.85 , 68.50 , 46.20 ,686,1485, 36.73 ,173,471, 72.11 ,349,484, 32.96 , 8.77 , 24.19 , 13.62 , 10.88 , 5.08 , 2.65 ,46,44,38
1433,VCU,Atlantic 10 Conference,0,19,7, 71.69 , 65.15 , 45.14 ,659,1460, 32.94 ,168,510, 76.06 ,378,497, 31.42 , 8.04 , 23.38 , 13.35 , 14.12 , 9.23 , 5.38 ,37,45,55
1231,Indiana,Big Ten Conference,1,12,15, 69.70 , 69.37 , 43.31 ,654,1510, 32.38 ,158,488, 66.45 ,416,626, 31.63 , 7.85 , 23.78 , 13.93 , 11.26 , 5.74 , 3.74 ,63,46,40
1387,St Louis,Atlantic 10 Conference,0,14,6, 75.35 , 65.00 , 46.39 ,559,1205, 35.22 ,131,372, 70.30 ,258,367, 35.85 , 10.85 , 25.00 , 17.65 , 11.80 , 7.05 , 3.15 ,43,47,49
1279,Mississippi,Southeastern Conference,1,16,11, 69.11 , 63.41 , 44.26 ,678,1532, 29.94 ,141,471, 70.02 ,369,527, 32.15 , 10.07 , 22.07 , 12.26 , 13.26 , 7.67 , 3.85 ,53,48,52
1246,Kentucky,Southeastern Conference,1,9,16, 70.44 , 70.16 , 41.67 ,615,1476, 33.68 ,160,475, 72.89 ,371,509, 35.16 , 10.68 , 24.48 , 12.48 , 13.44 , 6.28 , 5.92 ,60,49,47
1439,Virginia Tech,Atlantic Coast Conference,1,15,6, 72.14 , 65.52 , 45.14 ,534,1183, 35.67 ,173,485, 69.72 ,274,393, 32.38 , 7.86 , 24.52 , 14.38 , 11.05 , 4.76 , 3.95 ,48,50,43
1281,Missouri,Southeastern Conference,1,16,9, 73.64 , 71.92 , 44.89 ,646,1439, 32.04 ,173,540, 69.76 ,376,539, 32.72 , 8.68 , 24.04 , 13.20 , 13.12 , 6.72 , 3.52 ,47,51,51
1371,Seton Hall,Big East Conference,0,14,13, 71.26 , 69.67 , 44.13 ,673,1525, 32.09 ,180,561, 73.16 ,398,544, 32.15 , 8.93 , 23.22 , 12.85 , 12.56 , 6.30 , 4.37 ,57,52,50
1179,Drake,Missouri Valley Conference,0,23,4, 76.22 , 65.04 , 48.80 ,791,1621, 36.61 ,186,508, 71.08 ,290,408, 32.81 , 8.78 , 24.04 , 13.26 , 9.44 , 6.85 , 2.78 ,45,53,75
1257,Louisville,Atlantic Coast Conference,1,13,7, 67.95 , 66.50 , 43.11 ,494,1146, 30.84 ,107,347, 71.74 ,264,368, 36.55 , 10.45 , 26.10 , 11.05 , 11.00 , 4.80 , 1.85 ,56,54,46
1207,Georgetown,Big East Conference,0,13,12, 71.36 , 70.68 , 42.45 ,621,1463, 36.62 ,208,568, 75.40 ,334,443, 36.56 , 9.80 , 26.76 , 12.84 , 15.04 , 5.92 , 3.88 ,64,55,61
1277,Michigan St,Big Ten Conference,1,15,12, 69.04 , 70.56 , 42.44 ,668,1574, 32.03 ,172,537, 72.06 ,356,494, 35.22 , 9.67 , 25.56 , 15.85 , 12.48 , 4.56 , 4.67 ,70,56,53
1172,Davidson,Atlantic 10 Conference,0,12,8, 70.85 , 64.25 , 46.76 ,512,1095, 36.04 ,191,530, 68.01 ,202,297, 31.90 , 7.85 , 24.05 , 14.75 , 10.55 , 5.10 , 2.65 ,58,57,60
1278,Minnesota,Big Ten Conference,1,14,15, 72.52 , 73.21 , 39.24 ,704,1794, 28.36 ,207,730, 74.05 ,488,659, 33.17 , 9.48 , 23.69 , 13.76 , 10.69 , 6.31 , 4.62 ,77,58,58
1374,SMU,American Athletic Conference,0,11,5, 74.06 , 67.06 , 45.07 ,425,943, 33.90 ,120,354, 72.88 ,215,295, 33.88 , 9.06 , 24.81 , 15.06 , 13.56 , 6.19 , 4.50 ,65,59,56
1129,Boise St,Mountain West Conference,0,17,8, 75.80 , 67.04 , 45.54 ,663,1456, 34.41 ,192,558, 75.25 ,377,501, 32.72 , 8.08 , 24.64 , 13.52 , 11.48 , 6.52 , 2.88 ,50,60,57
1462,Xavier,Big East Conference,0,13,8, 74.81 , 70.19 , 45.84 ,589,1285, 32.53 ,162,498, 69.37 ,231,333, 34.95 , 8.29 , 26.67 , 17.57 , 11.00 , 6.90 , 4.05 ,61,61,54
1405,Toledo,Mid-American Conference,0,21,8, 81.62 , 72.52 , 45.83 ,829,1809, 37.70 ,308,817, 77.86 ,401,515, 33.72 , 8.69 , 25.03 , 15.93 , 10.76 , 6.07 , 2.45 ,67,62,81
1161,Colorado St,Mountain West Conference,0,17,6, 74.00 , 64.96 , 46.95 ,585,1246, 35.99 ,199,553, 78.91 ,333,422, 32.39 , 6.61 , 25.78 , 14.35 , 13.26 , 5.39 , 2.52 ,51,63,70
1120,Auburn,Southeastern Conference,1,13,14, 77.19 , 76.44 , 43.67 ,711,1628, 32.62 ,245,751, 70.80 ,417,589, 35.59 , 10.96 , 24.63 , 14.81 , 15.52 , 6.22 , 6.04 ,66,64,64
1350,Richmond,Atlantic 10 Conference,0,12,8, 74.20 , 70.20 , 46.96 ,541,1152, 34.31 ,140,408, 73.80 ,262,355, 28.00 , 5.50 , 22.50 , 14.45 , 10.20 , 8.60 , 2.15 ,68,65,65
1460,Wright St,Horizon League,0,18,6, 81.96 , 67.42 , 48.27 ,710,1471, 36.98 ,179,484, 72.44 ,368,508, 39.96 , 11.04 , 28.92 , 15.38 , 12.96 , 5.88 , 3.63 ,71,66,74
1385,St John's,Big East Conference,0,16,11, 78.96 , 76.74 , 44.67 ,779,1744, 34.48 ,200,580, 74.95 ,374,499, 32.44 , 9.30 , 23.15 , 16.30 , 12.59 , 9.07 , 3.89 ,69,67,62
1138,Buffalo,Mid-American Conference,0,15,8, 81.74 , 73.22 , 45.80 ,703,1535, 33.96 ,162,477, 66.95 ,312,466, 41.00 , 13.57 , 27.43 , 15.70 , 13.48 , 7.96 , 4.17 ,79,68,83
1364,UC Santa Barbara,Big West Conference,0,20,4, 73.92 , 63.58 , 47.11 ,628,1333, 34.81 ,157,451, 76.32 ,361,473, 30.83 , 7.67 , 23.17 , 15.21 , 10.67 , 7.46 , 2.63 ,54,69,90
1321,Northwestern,Big Ten Conference,1,8,15, 68.96 , 71.00 , 43.25 ,573,1325, 34.64 ,186,537, 71.55 ,254,355, 30.04 , 5.61 , 24.43 , 14.43 , 11.43 , 6.22 , 2.52 ,92,70,69
1317,North Texas,Conference USA,0,16,9, 68.20 , 60.56 , 47.07 ,627,1332, 37.30 ,185,496, 73.48 ,266,362, 30.60 , 7.28 , 23.32 , 13.04 , 12.56 , 6.84 , 3.00 ,59,71,77
1428,Utah,Pacific-12 Conference,1,12,13, 72.12 , 69.80 , 46.92 ,656,1398, 35.54 ,172,484, 79.16 ,319,403, 28.36 , 5.92 , 22.44 , 15.12 , 11.96 , 5.44 , 3.40 ,89,72,66
1301,NC State,Atlantic Coast Conference,1,13,10, 73.22 , 70.26 , 46.84 ,616,1315, 36.64 ,155,423, 70.38 ,297,422, 29.39 , 8.35 , 21.04 , 12.87 , 12.43 , 8.30 , 4.48 ,73,73,59
1455,Wichita St,American Athletic Conference,0,14,5, 71.89 , 69.26 , 40.50 ,454,1121, 34.49 ,159,461, 69.86 ,299,428, 32.47 , 9.00 , 23.47 , 12.84 , 10.58 , 5.74 , 3.42 ,72,74,80
1388,St Mary's CA,West Coast Conference,0,14,9, 64.13 , 62.35 , 42.06 ,538,1279, 29.25 ,141,482, 72.88 ,258,354, 32.30 , 7.57 , 24.74 , 10.48 , 10.61 , 6.17 , 3.13 ,62,75,82
1344,Providence,Big East Conference,0,13,13, 69.85 , 69.73 , 42.97 ,657,1529, 31.97 ,164,513, 69.98 ,338,483, 32.88 , 9.15 , 23.73 , 13.46 , 11.19 , 5.65 , 3.00 ,85,76,63
1280,Mississippi St,Southeastern Conference,1,15,14, 68.86 , 66.62 , 45.05 ,747,1658, 33.48 ,151,451, 64.59 ,352,545, 36.00 , 10.93 , 25.07 , 12.93 , 14.31 , 6.28 , 4.66 ,82,77,73
1325,Ohio,Mid-American Conference,0,15,7, 80.36 , 73.32 , 48.69 ,650,1335, 36.56 ,189,517, 70.63 ,279,395, 31.68 , 8.50 , 23.18 , 17.64 , 11.55 , 6.64 , 2.00 ,87,78,101
1173,Dayton,Atlantic 10 Conference,0,14,9, 70.17 , 67.65 , 47.65 ,567,1190, 37.37 ,185,495, 71.95 ,295,410, 30.65 , 5.83 , 24.83 , 13.74 , 13.57 , 4.43 , 1.96 ,80,79,78
1266,Marquette,Big East Conference,0,13,14, 69.74 , 69.81 , 44.54 ,661,1484, 32.25 ,179,555, 73.46 ,382,520, 33.37 , 8.11 , 25.26 , 12.33 , 13.52 , 5.07 , 3.70 ,95,80,67
1323,Notre Dame,Atlantic Coast Conference,1,11,15, 72.69 , 74.35 , 45.91 ,679,1479, 36.76 ,236,642, 77.28 ,296,383, 31.69 , 6.50 , 25.19 , 14.88 , 10.15 , 4.23 , 3.92 ,93,81,72
1256,Louisiana Tech,Conference USA,0,20,7, 72.59 , 64.59 , 44.17 ,690,1562, 34.62 ,198,572, 69.33 ,382,551, 35.78 , 8.30 , 27.48 , 12.22 , 12.48 , 6.41 , 2.59 ,76,82,84
1390,Stanford,Pacific-12 Conference,1,14,13, 69.74 , 69.59 , 46.41 ,678,1461, 32.15 ,145,451, 71.67 ,382,533, 30.70 , 6.52 , 24.19 , 12.30 , 14.15 , 7.07 , 3.41 ,78,83,68
1159,Colgate,Patriot League,0,14,1, 86.33 , 68.60 , 49.95 ,472,945, 40.24 ,136,338, 73.13 ,215,294, 37.13 , 8.53 , 28.60 , 17.13 , 9.73 , 7.20 , 3.40 ,9,84,71
1333,Oregon St,Pacific-12 Conference,1,16,12, 69.11 , 69.25 , 42.55 ,668,1570, 34.65 ,193,557, 76.03 ,406,534, 30.75 , 9.21 , 21.54 , 14.18 , 11.00 , 5.82 , 3.18 ,91,85,79
1101,Abilene Chr,Southland Conference,0,19,4, 76.30 , 61.74 , 46.02 ,625,1358, 37.70 ,187,496, 68.83 ,318,462, 32.43 , 9.61 , 22.83 , 18.17 , 13.43 , 9.35 , 3.00 ,74,86,93
1305,Nevada,Mountain West Conference,0,15,10, 73.20 , 69.92 , 44.29 ,613,1384, 35.48 ,193,544, 76.25 ,411,539, 32.12 , 6.72 , 25.40 , 14.00 , 12.56 , 5.56 , 2.84 ,96,87,94
1283,Missouri St,Missouri Valley Conference,0,15,7, 72.50 , 67.32 , 47.41 ,576,1215, 34.97 ,164,469, 75.00 ,279,372, 33.82 , 6.55 , 27.27 , 13.27 , 12.05 , 4.50 , 3.00 ,97,88,111
1338,Pittsburgh,Atlantic Coast Conference,1,10,12, 71.18 , 70.14 , 43.18 ,554,1283, 33.80 ,144,426, 66.38 ,314,473, 34.82 , 10.82 , 24.00 , 14.59 , 12.09 , 6.05 , 3.77 ,100,89,76
1267,Marshall,Conference USA,0,15,7, 79.91 , 72.55 , 47.47 ,656,1382, 35.98 ,204,567, 72.46 ,242,334, 32.59 , 7.18 , 25.41 , 15.86 , 11.41 , 7.82 , 5.18 ,88,90,85
1457,Winthrop,Big South Conference,0,23,1, 79.54 , 66.79 , 46.07 ,674,1463, 35.30 ,203,575, 68.58 ,358,522, 37.67 , 11.21 , 26.46 , 15.04 , 13.67 , 7.75 , 2.38 ,55,91,96
1202,Furman,Southern Conference,0,13,9, 78.18 , 70.50 , 48.27 ,629,1303, 34.82 ,219,629, 72.32 ,243,336, 31.32 , 7.55 , 23.77 , 16.14 , 12.14 , 7.86 , 3.36 ,75,92,87
1208,Georgia,Southeastern Conference,1,13,12, 77.20 , 78.60 , 45.53 ,703,1544, 32.32 ,160,495, 68.68 ,364,530, 33.00 , 10.16 , 22.84 , 14.84 , 15.60 , 8.56 , 2.48 ,98,93,92
1443,WKU,Conference USA,0,20,7, 73.11 , 67.89 , 45.30 ,685,1512, 34.48 ,171,496, 79.01 ,433,548, 34.93 , 8.81 , 26.11 , 13.30 , 13.96 , 6.59 , 4.48 ,81,94,88
1304,Nebraska,Big Ten Conference,1,6,20, 68.42 , 74.62 , 41.18 ,630,1530, 33.18 ,216,651, 63.92 ,303,474, 32.77 , 7.15 , 25.62 , 13.23 , 14.00 , 7.12 , 3.12 ,126,95,108
1435,Vanderbilt,Southeastern Conference,1,9,16, 71.76 , 72.36 , 43.01 ,609,1416, 34.93 ,233,667, 73.61 ,343,466, 31.16 , 8.48 , 22.68 , 12.72 , 13.32 , 7.00 , 2.60 ,102,96,97
1251,Liberty,Atlantic Sun Conference,0,19,5, 73.21 , 62.21 , 48.24 ,629,1304, 38.77 ,240,619, 77.78 ,259,333, 30.00 , 5.83 , 24.17 , 15.04 , 9.67 , 3.96 , 2.38 ,86,97,109
1412,UAB,Conference USA,0,20,7, 70.33 , 60.70 , 44.31 ,712,1607, 31.08 ,138,444, 70.21 ,337,480, 32.70 , 9.00 , 23.70 , 10.56 , 10.00 , 7.78 , 4.04 ,83,98,89
1103,Akron,Mid-American Conference,0,13,8, 76.57 , 72.76 , 43.76 ,558,1275, 33.39 ,197,590, 75.45 ,295,391, 34.24 , 9.00 , 25.24 , 12.81 , 11.62 , 4.71 , 3.76 ,106,99,120
1422,UNC Greensboro,Southern Conference,0,21,8, 73.62 , 67.45 , 42.40 ,803,1894, 30.03 ,221,736, 68.29 ,308,451, 36.38 , 11.38 , 25.00 , 12.21 , 10.59 , 7.45 , 3.72 ,84,100,102
1362,San Francisco,West Coast Conference,0,11,14, 71.44 , 69.28 , 42.73 ,647,1514, 34.08 ,259,760, 71.91 ,233,324, 30.20 , 7.28 , 22.92 , 11.80 , 11.16 , 7.08 , 3.24 ,105,101,99
1258,Loy Marymount,West Coast Conference,0,13,9, 69.50 , 68.00 , 45.77 ,525,1147, 33.75 ,135,400, 72.57 ,344,474, 32.18 , 8.73 , 23.45 , 12.73 , 15.05 , 4.68 , 2.64 ,99,102,117
1416,UCF,American Athletic Conference,0,11,12, 67.22 , 69.43 , 42.95 ,542,1262, 35.50 ,180,507, 72.87 ,282,387, 29.48 , 7.87 , 21.61 , 12.39 , 13.57 , 6.83 , 3.43 ,103,103,103
1125,Belmont,Ohio Valley Conference,0,25,4, 81.59 , 69.41 , 48.87 ,868,1776, 34.70 ,263,758, 73.99 ,367,496, 33.62 , 7.90 , 25.72 , 18.28 , 11.55 , 7.79 , 2.79 ,90,104,98
1348,Rhode Island,Atlantic 10 Conference,0,10,15, 71.44 , 71.08 , 44.22 ,635,1436, 31.22 ,143,458, 66.85 ,373,558, 35.24 , 9.08 , 26.16 , 12.12 , 13.76 , 6.52 , 4.56 ,108,105,91
1245,Kent,Mid-American Conference,0,14,8, 76.09 , 72.45 , 44.20 ,598,1353, 33.46 ,180,538, 78.42 ,298,380, 35.64 , 10.91 , 24.73 , 14.32 , 13.45 , 6.50 , 3.14 ,112,106,124
1450,Washington St,Pacific-12 Conference,1,14,13, 68.63 , 67.44 , 41.13 ,633,1539, 34.10 ,208,610, 70.97 ,379,534, 34.78 , 9.52 , 25.26 , 12.15 , 14.41 , 6.19 , 3.52 ,101,107,100
1213,Grand Canyon,Western Athletic Conference,0,14,6, 71.25 , 61.65 , 47.13 ,517,1097, 32.24 ,128,397, 69.21 ,263,380, 35.60 , 8.60 , 27.00 , 14.15 , 12.90 , 4.00 , 2.65 ,107,108,112
1414,UC Irvine,Big West Conference,0,16,9, 68.44 , 64.12 , 43.32 ,635,1466, 32.87 ,118,359, 75.64 ,323,427, 34.68 , 8.84 , 25.84 , 10.96 , 12.64 , 6.92 , 3.92 ,104,109,123
1186,E Washington,Big Sky Conference,0,15,7, 77.95 , 70.05 , 46.95 ,608,1295, 35.87 ,184,513, 79.95 ,315,394, 32.55 , 6.55 , 26.00 , 14.95 , 11.73 , 4.86 , 2.73 ,114,110,106
1415,UC Riverside,Big West Conference,0,14,8, 70.18 , 63.64 , 44.65 ,572,1281, 36.95 ,201,544, 70.57 ,199,282, 34.05 , 7.41 , 26.64 , 13.91 , 11.23 , 5.32 , 2.32 ,109,111,128
1337,Pepperdine,West Coast Conference,0,10,12, 74.77 , 76.23 , 44.40 ,579,1304, 32.51 ,158,486, 77.23 ,329,426, 31.91 , 6.95 , 24.95 , 15.18 , 12.95 , 6.18 , 2.68 ,110,112,121
1113,Arizona St,Pacific-12 Conference,1,11,14, 74.32 , 77.08 , 43.30 ,656,1515, 33.33 ,179,537, 72.82 ,367,504, 28.48 , 6.60 , 21.88 , 13.08 , 10.76 , 7.28 , 3.28 ,118,113,86
1269,Massachusetts,Atlantic 10 Conference,0,8,7, 76.73 , 73.00 , 42.83 ,394,920, 32.59 ,132,405, 73.33 ,231,315, 32.13 , 7.87 , 24.27 , 14.93 , 11.87 , 7.33 , 4.07 ,113,114,110
1139,Butler,Big East Conference,0,10,15, 63.52 , 68.68 , 41.06 ,572,1393, 32.31 ,179,554, 64.63 ,265,410, 29.00 , 7.64 , 21.36 , 12.32 , 10.64 , 5.56 , 2.04 ,122,115,95
1153,Cincinnati,American Athletic Conference,0,12,11, 68.91 , 72.13 , 42.27 ,566,1339, 31.11 ,163,524, 65.61 ,290,442, 31.78 , 8.52 , 23.26 , 14.96 , 13.74 , 6.74 , 3.78 ,124,116,114
1355,S Dakota St,Summit League,0,15,7, 79.86 , 74.55 , 49.36 ,618,1252, 40.91 ,180,440, 71.64 ,341,476, 32.59 , 6.41 , 26.18 , 14.23 , 11.91 , 5.50 , 3.14 ,123,117,107
1232,Indiana St,Missouri Valley Conference,0,14,10, 65.92 , 65.79 , 43.19 ,549,1271, 33.88 ,144,425, 73.59 ,340,462, 28.88 , 7.21 , 21.67 , 10.46 , 11.46 , 6.29 , 2.67 ,120,118,126
1182,Duquesne,Atlantic 10 Conference,0,9,9, 66.94 , 67.11 , 42.12 ,438,1040, 29.87 ,115,385, 65.05 ,214,329, 33.61 , 10.06 , 23.56 , 13.39 , 12.67 , 6.72 , 4.44 ,131,119,113
1132,Bowling Green,Mid-American Conference,0,13,11, 78.13 , 75.79 , 41.94 ,669,1595, 31.83 ,197,619, 73.75 ,340,461, 35.04 , 10.79 , 24.25 , 12.63 , 9.88 , 7.29 , 2.08 ,139,120,131
1376,South Carolina,Southeastern Conference,1,6,15, 72.52 , 79.14 , 41.50 ,566,1364, 30.47 ,142,466, 65.35 ,249,381, 32.33 , 10.95 , 21.38 , 13.33 , 14.62 , 8.38 , 3.67 ,142,121,105
1334,Pacific,West Coast Conference,0,8,9, 68.47 , 71.06 , 43.61 ,447,1025, 29.79 ,87,292, 66.30 ,183,276, 31.65 , 8.71 , 22.94 , 12.12 , 11.12 , 6.53 , 3.29 ,132,122,139
1459,Wofford,Southern Conference,0,13,9, 72.05 , 70.05 , 45.75 ,570,1246, 35.56 ,229,644, 71.29 ,216,303, 29.23 , 6.73 , 22.50 , 14.36 , 12.36 , 6.23 , 2.09 ,111,123,127
1409,Tulsa,American Athletic Conference,0,9,12, 64.95 , 66.19 , 43.05 ,486,1129, 29.98 ,134,447, 68.98 ,258,374, 30.38 , 7.48 , 22.90 , 13.14 , 12.81 , 6.24 , 2.00 ,134,124,118
1190,ETSU,Southern Conference,0,11,12, 68.61 , 67.26 , 43.19 ,561,1299, 34.90 ,186,533, 69.77 ,270,387, 33.22 , 9.04 , 24.17 , 11.35 , 13.04 , 7.13 , 2.52 ,125,125,142
1451,Weber St,Big Sky Conference,0,14,6, 79.20 , 70.85 , 49.64 ,556,1120, 36.56 ,151,413, 77.91 ,321,412, 30.30 , 5.75 , 24.55 , 13.85 , 12.25 , 6.30 , 2.95 ,116,126,130
1287,Morehead St,Ohio Valley Conference,0,21,7, 68.11 , 64.00 , 45.91 ,679,1479, 34.71 ,177,510, 68.26 ,372,545, 34.00 , 8.89 , 25.11 , 12.43 , 15.18 , 4.43 , 4.89 ,121,127,162
1273,Mercer,Southern Conference,0,15,11, 75.46 , 72.58 , 47.26 ,733,1551, 36.62 ,219,598, 72.14 ,277,384, 31.65 , 7.15 , 24.50 , 16.00 , 12.12 , 6.85 , 2.77 ,117,128,143
1436,Vermont,America East Conference,0,10,5, 73.00 , 63.40 , 46.26 ,383,828, 34.42 ,116,337, 78.02 ,213,273, 32.47 , 7.40 , 25.07 , 14.07 , 11.73 , 5.00 , 2.60 ,115,129,119
1206,George Mason,Atlantic 10 Conference,0,12,9, 71.57 , 70.14 , 42.78 ,554,1295, 32.70 ,154,471, 63.42 ,241,380, 35.52 , 10.10 , 25.43 , 13.19 , 12.24 , 7.29 , 4.14 ,130,130,132
1274,Miami FL,Atlantic Coast Conference,1,10,17, 66.44 , 70.96 , 42.48 ,647,1523, 29.47 ,150,509, 70.00 ,350,500, 31.70 , 7.70 , 24.00 , 11.30 , 12.37 , 6.63 , 3.85 ,149,131,104
1177,DePaul,Big East Conference,0,5,14, 65.79 , 71.95 , 41.68 ,481,1154, 31.50 ,103,327, 67.77 ,185,273, 33.84 , 10.47 , 23.37 , 11.42 , 15.32 , 6.84 , 3.89 ,163,132,116
1401,Texas A&M,Southeastern Conference,1,8,10, 64.28 , 66.94 , 41.61 ,402,966, 30.00 ,117,390, 72.39 ,236,326, 31.00 , 9.72 , 21.28 , 12.11 , 14.67 , 6.83 , 1.89 ,150,133,122
1431,UTEP,Conference USA,0,9,12, 68.33 , 68.52 , 41.56 ,507,1220, 32.81 ,145,442, 75.62 ,276,365, 30.57 , 7.52 , 23.05 , 10.86 , 10.90 , 5.90 , 2.57 ,148,134,150
1143,California,Pacific-12 Conference,1,8,20, 64.68 , 69.54 , 42.71 ,630,1475, 32.89 ,198,602, 70.46 ,353,501, 28.07 , 6.46 , 21.61 , 11.68 , 11.96 , 4.21 , 2.21 ,165,135,125
1123,Ball St,Mid-American Conference,0,10,13, 74.74 , 75.48 , 44.29 ,613,1384, 34.21 ,195,570, 75.06 ,298,397, 33.61 , 8.57 , 25.04 , 13.83 , 14.17 , 5.48 , 2.39 ,172,136,154
1395,TCU,Big 12 Conference,1,12,14, 66.85 , 71.23 , 43.81 ,626,1429, 33.78 ,175,518, 67.17 ,311,463, 31.81 , 8.62 , 23.19 , 13.00 , 13.38 , 6.04 , 3.46 ,141,137,115
1396,Temple,American Athletic Conference,0,5,11, 65.81 , 68.81 , 40.09 ,348,868, 34.23 ,115,336, 71.60 ,242,338, 33.13 , 7.81 , 25.31 , 13.38 , 12.63 , 4.19 , 2.44 ,167,138,135
1133,Bradley,Missouri Valley Conference,0,10,16, 67.23 , 68.08 , 44.21 ,664,1502, 31.39 ,172,548, 72.94 ,248,340, 33.08 , 8.31 , 24.77 , 13.19 , 12.23 , 4.92 , 3.23 ,174,139,136
1381,Southern Utah,Big Sky Conference,0,15,4, 79.63 , 73.32 , 45.45 ,510,1122, 33.40 ,156,467, 76.24 ,337,442, 33.26 , 8.37 , 24.89 , 12.68 , 11.05 , 6.00 , 2.74 ,129,140,148
1167,CS Bakersfield,Big West Conference,0,13,11, 67.92 , 65.67 , 43.84 ,616,1405, 33.78 ,127,376, 71.69 ,271,378, 32.96 , 11.38 , 21.58 , 13.67 , 12.25 , 5.96 , 2.83 ,153,141,174
1130,Boston College,Atlantic Coast Conference,1,4,16, 71.35 , 79.50 , 42.19 ,500,1185, 33.09 ,180,544, 70.17 ,247,352, 30.70 , 7.95 , 22.75 , 11.40 , 13.25 , 7.25 , 3.85 ,186,142,133
1295,N Dakota St,Summit League,0,15,12, 69.74 , 67.67 , 44.20 ,659,1491, 34.07 ,184,540, 76.05 ,381,501, 34.63 , 8.30 , 26.33 , 10.56 , 12.00 , 3.89 , 2.56 ,173,143,156
1275,Miami OH,Mid-American Conference,0,11,11, 72.00 , 71.95 , 43.45 ,570,1312, 36.20 ,185,511, 77.54 ,259,334, 31.86 , 8.41 , 23.45 , 12.05 , 10.77 , 4.59 , 2.55 ,177,144,178
1180,Drexel,Colonial Athletic Association,0,12,7, 71.47 , 66.84 , 47.69 ,495,1038, 37.20 ,138,371, 77.70 ,230,296, 31.16 , 7.53 , 23.63 , 15.16 , 11.79 , 4.68 , 2.37 ,135,145,152
1178,Detroit,Horizon League,0,12,10, 76.50 , 73.95 , 46.36 ,598,1290, 39.13 ,225,575, 80.37 ,262,326, 30.00 , 7.82 , 22.18 , 14.32 , 10.91 , 6.82 , 2.45 ,166,146,184
1440,VMI,Southern Conference,0,10,12, 77.50 , 77.14 , 45.40 ,597,1315, 37.02 ,221,597, 76.52 ,290,379, 34.00 , 6.59 , 27.41 , 14.14 , 11.77 , 4.86 , 3.05 ,146,147,181
1408,Tulane,American Athletic Conference,0,10,13, 63.91 , 66.48 , 38.30 ,486,1269, 29.78 ,151,507, 74.62 ,347,465, 28.65 , 6.39 , 22.26 , 11.70 , 10.22 , 7.48 , 3.09 ,168,148,164
1330,Old Dominion,Conference USA,0,14,8, 67.91 , 68.14 , 44.20 ,553,1251, 29.37 ,111,378, 70.66 ,277,392, 33.32 , 8.91 , 24.41 , 11.45 , 12.18 , 7.64 , 3.73 ,133,149,140
1156,Cleveland St,Horizon League,0,19,7, 71.46 , 70.58 , 45.15 ,684,1515, 31.92 ,166,520, 66.94 ,324,484, 31.92 , 8.96 , 22.96 , 13.92 , 12.46 , 7.00 , 2.46 ,160,150,187
1331,Oral Roberts,Summit League,0,13,10, 79.39 , 77.57 , 44.69 ,627,1403, 38.82 ,250,644, 82.56 ,322,390, 30.22 , 6.57 , 23.65 , 11.61 , 11.17 , 6.22 , 4.09 ,158,151,151
1209,Georgia St,Sun Belt Conference,0,14,6, 77.00 , 74.10 , 45.21 ,557,1232, 34.49 ,149,432, 68.91 ,277,402, 33.45 , 9.45 , 24.00 , 15.65 , 11.90 , 6.65 , 4.40 ,128,152,129
1365,Santa Clara,West Coast Conference,0,11,8, 68.68 , 70.89 , 42.87 ,457,1066, 29.91 ,102,341, 68.00 ,289,425, 33.58 , 6.95 , 26.63 , 11.42 , 12.68 , 4.32 , 3.79 ,144,153,171
1372,SF Austin,Southland Conference,0,13,5, 77.78 , 70.94 , 51.15 ,512,1001, 32.22 ,77,239, 67.95 ,299,440, 31.39 , 9.44 , 21.94 , 14.50 , 16.39 , 9.44 , 3.39 ,147,154,144
1151,Chattanooga,Southern Conference,0,16,8, 71.17 , 69.79 , 43.30 ,601,1388, 35.42 ,198,559, 78.97 ,308,390, 30.21 , 6.29 , 23.92 , 12.25 , 10.38 , 6.71 , 1.88 ,140,155,168
1243,Kansas St,Big 12 Conference,1,9,19, 61.57 , 69.86 , 41.06 ,627,1527, 29.97 ,187,624, 66.43 ,283,426, 30.43 , 8.64 , 21.79 , 13.14 , 14.07 , 5.36 , 1.57 ,182,156,141
1298,Navy,Patriot League,0,15,3, 71.50 , 67.00 , 44.76 ,466,1041, 32.74 ,111,339, 70.93 ,244,344, 32.44 , 9.83 , 22.61 , 12.33 , 11.39 , 8.17 , 2.39 ,94,157,169
1240,Jacksonville St,Ohio Valley Conference,0,16,9, 72.64 , 69.60 , 45.59 ,656,1439, 34.62 ,198,572, 68.61 ,306,446, 35.12 , 9.68 , 25.44 , 13.80 , 13.20 , 4.72 , 3.48 ,156,158,177
1308,New Mexico St,Western Athletic Conference,0,9,8, 69.24 , 65.35 , 41.61 ,404,971, 32.06 ,151,471, 72.43 ,218,301, 32.71 , 10.59 , 22.12 , 12.18 , 10.94 , 4.76 , 2.35 ,175,159,155
1320,Northern Iowa,Missouri Valley Conference,0,8,15, 68.26 , 72.43 , 43.76 ,582,1330, 32.24 ,167,518, 67.90 ,239,352, 32.57 , 7.83 , 24.74 , 12.91 , 12.70 , 6.13 , 2.48 ,194,160,153
1461,Wyoming,Mountain West Conference,0,14,11, 76.60 , 75.52 , 45.01 ,649,1442, 35.65 ,251,704, 71.91 ,366,509, 30.12 , 6.68 , 23.44 , 14.04 , 10.84 , 5.80 , 2.16 ,161,161,157
1318,Northeastern,Colonial Athletic Association,0,10,9, 67.21 , 68.32 , 43.82 ,457,1043, 35.37 ,162,458, 74.17 ,201,271, 29.63 , 5.74 , 23.89 , 12.37 , 12.79 , 6.26 , 2.32 ,143,162,159
1187,East Carolina,American Athletic Conference,0,7,11, 65.44 , 68.28 , 40.37 ,415,1028, 29.76 ,100,336, 72.94 ,248,340, 30.89 , 8.00 , 22.89 , 15.50 , 12.44 , 5.89 , 3.11 ,180,163,163
1420,UMBC,America East Conference,0,14,6, 69.55 , 64.90 , 43.95 ,483,1099, 34.07 ,139,408, 71.14 ,286,402, 33.65 , 7.65 , 26.00 , 10.95 , 12.75 , 5.10 , 1.75 ,136,164,165
1427,UT San Antonio,Conference USA,0,11,11, 74.41 , 75.45 , 43.26 ,607,1403, 33.08 ,171,517, 75.68 ,252,333, 33.14 , 8.68 , 24.45 , 13.50 , 11.14 , 5.59 , 2.95 ,169,165,160
1293,Murray St,Ohio Valley Conference,0,11,13, 71.79 , 66.46 , 47.42 ,643,1356, 36.60 ,198,541, 67.51 ,239,354, 31.63 , 7.67 , 23.96 , 15.58 , 12.71 , 6.63 , 3.21 ,196,166,145
1424,UNLV,Mountain West Conference,0,10,15, 67.24 , 69.72 , 43.55 ,628,1442, 34.57 ,205,593, 71.20 ,220,309, 31.48 , 8.32 , 23.16 , 12.40 , 12.68 , 6.32 , 2.68 ,179,167,146
1448,Wake Forest,Atlantic Coast Conference,1,5,16, 66.10 , 72.43 , 40.91 ,479,1171, 35.06 ,189,539, 72.16 ,241,334, 29.05 , 7.24 , 21.81 , 11.33 , 13.14 , 6.14 , 2.24 ,189,168,134
1241,James Madison,Colonial Athletic Association,0,10,7, 75.00 , 71.94 , 43.61 ,433,993, 33.33 ,137,411, 67.00 ,272,406, 32.88 , 8.71 , 24.18 , 12.76 , 11.88 , 6.59 , 1.88 ,137,169,161
1184,E Kentucky,Ohio Valley Conference,0,20,7, 80.48 , 74.93 , 44.09 ,795,1803, 35.78 ,258,721, 70.35 ,325,462, 31.85 , 9.22 , 22.63 , 15.67 , 12.48 , 9.81 , 3.41 ,152,170,172
1449,Washington,Pacific-12 Conference,1,5,21, 67.65 , 77.38 , 42.37 ,641,1513, 33.22 ,197,593, 70.53 ,280,397, 28.58 , 6.96 , 21.62 , 10.73 , 13.46 , 6.08 , 3.62 ,200,171,147
1136,Bryant,Northeast Conference,0,14,6, 81.15 , 74.40 , 45.97 ,559,1216, 37.93 ,187,493, 75.53 ,318,421, 36.20 , 8.75 , 27.45 , 14.85 , 14.90 , 6.35 , 3.25 ,127,172,176
1157,Coastal Car,Sun Belt Conference,0,12,7, 74.58 , 68.58 , 42.94 ,490,1141, 34.56 ,160,463, 75.48 ,277,367, 39.89 , 11.79 , 28.11 , 13.84 , 15.21 , 7.74 , 3.74 ,154,173,137
1377,South Dakota,Summit League,0,13,11, 75.63 , 73.38 , 46.64 ,639,1370, 39.09 ,181,463, 78.41 ,356,454, 31.75 , 6.00 , 25.75 , 13.92 , 10.38 , 4.29 , 2.50 ,178,174,170
1378,South Florida,American Athletic Conference,0,8,13, 64.52 , 70.81 , 39.75 ,481,1210, 32.41 ,129,398, 63.16 ,264,418, 33.33 , 10.29 , 23.05 , 11.14 , 13.05 , 5.24 , 2.86 ,205,175,158
1235,Iowa St,Big 12 Conference,1,2,22, 65.58 , 76.71 , 41.83 ,591,1413, 32.05 ,175,546, 78.34 ,217,277, 28.50 , 6.88 , 21.63 , 11.58 , 14.21 , 6.50 , 3.13 ,232,176,138
1205,Gardner Webb,Big South Conference,0,11,15, 70.65 , 68.38 , 44.44 ,651,1465, 36.08 ,232,643, 69.02 ,303,439, 31.35 , 7.77 , 23.58 , 13.04 , 11.27 , 5.88 , 4.81 ,191,177,202
1233,Iona,Metro Atlantic Athletic Conference,0,12,5, 72.24 , 65.94 , 44.48 ,423,951, 35.47 ,127,358, 74.34 ,255,343, 34.29 , 9.29 , 25.00 , 13.94 , 15.00 , 6.82 , 3.94 ,138,178,166
1194,FL Atlantic,Conference USA,0,9,10, 71.89 , 69.00 , 44.12 ,491,1113, 35.45 ,162,457, 66.27 ,222,335, 35.00 , 10.11 , 24.89 , 12.79 , 13.89 , 6.84 , 2.21 ,183,179,149
1468,Bellarmine,Atlantic Sun Conference,0,11,7, 72.56 , 68.28 , 50.05 ,491,981, 37.13 ,114,307, 75.27 ,210,279, 26.56 , 6.72 , 19.83 , 15.22 , 10.83 , 6.61 , 2.06 ,181,180,180
1358,Sam Houston St,Southland Conference,0,15,9, 74.46 , 72.88 , 43.21 ,633,1465, 34.77 ,210,604, 70.84 ,311,439, 31.96 , 9.42 , 22.54 , 14.08 , 14.25 , 7.50 , 3.08 ,171,181,173
1402,Texas St,Sun Belt Conference,0,17,6, 65.39 , 61.87 , 46.48 ,568,1222, 39.39 ,130,330, 71.90 ,238,331, 28.83 , 7.30 , 21.52 , 13.04 , 11.83 , 6.57 , 2.96 ,157,182,167
1373,Siena,Metro Atlantic Athletic Conference,0,12,5, 67.59 , 63.00 , 45.97 ,411,894, 34.39 ,108,314, 65.77 ,219,333, 32.00 , 7.29 , 24.71 , 12.65 , 12.24 , 5.53 , 3.29 ,145,183,175
1201,Fresno St,Mountain West Conference,0,10,12, 64.82 , 68.45 , 42.33 ,494,1167, 32.61 ,151,463, 66.90 ,287,429, 31.36 , 9.09 , 22.27 , 10.23 , 13.86 , 6.27 , 2.59 ,190,184,182
1220,Hofstra,Colonial Athletic Association,0,13,10, 73.17 , 73.00 , 44.34 ,595,1342, 32.95 ,174,528, 71.36 ,319,447, 33.00 , 9.00 , 24.00 , 12.74 , 11.83 , 6.61 , 2.96 ,155,185,179
1119,Army,Patriot League,0,11,9, 70.90 , 71.00 , 45.54 ,526,1155, 32.69 ,153,468, 63.02 ,213,338, 30.25 , 6.10 , 24.15 , 13.60 , 12.35 , 6.20 , 1.10 ,119,186,186
1349,Rice,Conference USA,0,12,13, 71.64 , 73.88 , 43.82 ,631,1440, 36.13 ,254,703, 72.75 ,275,378, 32.12 , 7.92 , 24.20 , 14.68 , 13.84 , 5.48 , 2.20 ,187,187,197
1434,Valparaiso,Missouri Valley Conference,0,8,18, 63.35 , 68.69 , 41.21 ,600,1456, 29.74 ,174,585, 71.84 ,273,380, 29.85 , 6.15 , 23.69 , 12.31 , 11.46 , 5.85 , 3.35 ,229,188,193
1216,Hartford,America East Conference,0,15,8, 65.87 , 63.26 , 43.41 ,543,1251, 32.71 ,174,532, 71.23 ,255,358, 29.91 , 6.78 , 23.13 , 11.00 , 12.22 , 7.00 , 2.04 ,162,189,194
1356,S Illinois,Missouri Valley Conference,0,11,14, 64.08 , 68.36 , 44.50 ,574,1290, 37.24 ,200,537, 66.15 ,254,384, 26.64 , 4.48 , 22.16 , 13.16 , 11.72 , 6.12 , 1.84 ,214,190,189
1247,La Salle,Atlantic 10 Conference,0,8,16, 67.58 , 74.00 , 43.49 ,605,1391, 33.64 ,184,547, 67.46 ,228,338, 30.13 , 7.92 , 22.21 , 12.42 , 14.13 , 7.38 , 3.17 ,203,191,192
1297,N Kentucky,Horizon League,0,14,11, 71.36 , 71.24 , 44.55 ,658,1477, 30.65 ,179,584, 70.49 ,289,410, 31.72 , 10.52 , 21.20 , 11.80 , 12.16 , 6.44 , 1.64 ,215,192,205
1218,Hawaii,Big West Conference,0,9,10, 70.05 , 70.32 , 43.66 ,472,1081, 35.73 ,149,417, 72.56 ,238,328, 31.79 , 8.47 , 23.32 , 11.37 , 13.11 , 5.26 , 1.53 ,199,193,204
1386,St Joseph's PA,Atlantic 10 Conference,0,5,15, 72.15 , 82.60 , 40.87 ,506,1238, 31.36 ,191,609, 72.51 ,240,331, 30.90 , 6.90 , 24.00 , 14.35 , 13.80 , 6.00 , 1.80 ,221,194,206
1229,Illinois St,Missouri Valley Conference,0,6,18, 67.58 , 73.42 , 43.69 ,609,1394, 34.00 ,187,550, 65.76 ,217,330, 31.63 , 7.04 , 24.58 , 12.00 , 13.25 , 5.83 , 3.21 ,242,195,210
1189,Elon,Colonial Athletic Association,0,9,9, 64.83 , 65.72 , 41.06 ,420,1023, 33.11 ,149,450, 75.11 ,178,237, 30.83 , 7.00 , 23.83 , 10.67 , 11.06 , 5.72 , 2.11 ,184,196,208
1313,Norfolk St,Mid-Eastern Athletic Conference,0,14,7, 75.14 , 70.57 , 42.97 ,535,1245, 37.36 ,167,447, 70.89 ,341,481, 33.00 , 8.24 , 24.76 , 12.24 , 12.62 , 6.38 , 3.19 ,170,197,219
1311,Nicholls St,Southland Conference,0,17,7, 77.29 , 73.79 , 45.02 ,692,1537, 31.84 ,185,581, 66.98 ,286,427, 34.96 , 9.50 , 25.46 , 13.29 , 12.88 , 8.67 , 3.25 ,197,198,195
1285,Montana,Big Sky Conference,0,10,13, 67.17 , 69.26 , 43.72 ,536,1226, 36.63 ,126,344, 78.86 ,347,440, 28.57 , 6.00 , 22.57 , 11.78 , 12.78 , 4.65 , 2.57 ,218,199,190
1191,Evansville,Missouri Valley Conference,0,9,16, 64.76 , 69.60 , 43.96 ,571,1299, 37.68 ,240,637, 71.82 ,237,330, 25.16 , 5.20 , 19.96 , 11.64 , 9.64 , 4.88 , 2.24 ,233,200,220
1360,San Diego,West Coast Conference,0,3,11, 66.21 , 77.07 , 41.56 ,352,847, 30.37 ,82,270, 64.98 ,141,217, 29.93 , 6.43 , 23.50 , 13.21 , 12.43 , 6.71 , 3.43 ,250,201,222
1454,WI Milwaukee,Horizon League,0,10,12, 75.55 , 76.27 , 43.62 ,588,1348, 32.85 ,159,484, 73.15 ,327,447, 32.59 , 7.91 , 24.68 , 12.95 , 10.82 , 6.09 , 2.14 ,236,202,232
1418,Louisiana,Sun Belt Conference,0,15,9, 73.33 , 72.67 , 44.47 ,643,1446, 35.65 ,169,474, 70.11 ,305,435, 34.79 , 9.75 , 25.04 , 12.21 , 14.29 , 5.79 , 4.54 ,195,203,185
1324,Oakland,Horizon League,0,12,18, 74.67 , 81.20 , 41.67 ,773,1855, 33.29 ,259,778, 70.62 ,435,616, 32.00 , 9.87 , 22.13 , 14.80 , 12.17 , 8.27 , 1.87 ,247,204,245
1144,Campbell,Big South Conference,0,15,10, 68.40 , 67.88 , 48.82 ,622,1274, 37.42 ,174,465, 67.75 ,292,431, 24.76 , 4.64 , 20.12 , 13.68 , 11.76 , 6.04 , 2.36 ,202,205,235
1111,Appalachian St,Sun Belt Conference,0,13,11, 68.17 , 68.25 , 40.51 ,557,1375, 32.62 ,197,604, 71.59 ,325,454, 30.92 , 8.88 , 22.04 , 11.33 , 11.13 , 7.54 , 3.17 ,210,206,183
1259,Loyola MD,Patriot League,0,6,11, 72.12 , 70.94 , 46.47 ,461,992, 30.56 ,92,301, 60.40 ,212,351, 34.65 , 9.88 , 24.76 , 13.00 , 14.18 , 6.82 , 3.18 ,151,207,211
1430,Utah Valley,Western Athletic Conference,0,9,11, 72.65 , 74.45 , 46.77 ,522,1116, 34.68 ,103,297, 62.96 ,306,486, 37.00 , 9.95 , 27.05 , 15.80 , 14.90 , 4.90 , 4.60 ,216,208,207
1447,Wagner,Northeast Conference,0,13,7, 71.25 , 68.70 , 44.23 ,533,1205, 31.79 ,117,368, 71.81 ,242,337, 32.50 , 10.60 , 21.90 , 12.90 , 11.95 , 7.35 , 2.55 ,164,209,236
1122,Austin Peay,Ohio Valley Conference,0,12,13, 72.92 , 71.36 , 44.47 ,659,1482, 33.27 ,175,526, 75.69 ,330,436, 31.56 , 11.60 , 19.96 , 12.60 , 14.16 , 6.40 , 1.88 ,245,210,203
1154,Citadel,Southern Conference,0,9,12, 77.71 , 82.33 , 44.38 ,569,1282, 32.81 ,189,576, 71.10 ,305,429, 33.00 , 7.38 , 25.62 , 14.29 , 11.76 , 4.43 , 4.24 ,209,211,247
1375,South Alabama,Sun Belt Conference,0,13,11, 71.29 , 71.46 , 43.07 ,594,1379, 35.08 ,214,610, 72.20 ,309,428, 31.42 , 7.88 , 23.54 , 10.67 , 11.75 , 6.63 , 3.13 ,206,212,188
1282,Missouri KC,Summit League,0,7,13, 62.35 , 64.60 , 45.32 ,460,1015, 35.10 ,119,339, 67.10 ,208,310, 25.40 , 5.60 , 19.80 , 11.35 , 11.70 , 7.00 , 1.85 ,251,213,201
1291,Mt St Mary's,Northeast Conference,0,12,10, 63.73 , 62.32 , 42.62 ,508,1192, 33.72 ,146,433, 67.80 ,240,354, 34.09 , 9.36 , 24.73 , 11.68 , 12.50 , 4.41 , 4.14 ,159,214,218
1389,St Peter's,Metro Atlantic Athletic Conference,0,14,11, 63.20 , 61.48 , 40.04 ,555,1386, 32.29 ,154,477, 69.76 ,316,453, 34.12 , 9.32 , 24.80 , 11.72 , 14.16 , 8.04 , 5.32 ,188,215,198
1288,Morgan St,Mid-Eastern Athletic Conference,0,12,7, 78.26 , 73.58 , 42.16 ,500,1186, 32.91 ,154,468, 74.83 ,333,445, 35.84 , 11.68 , 24.16 , 13.84 , 15.53 , 7.11 , 3.74 ,185,216,249
1413,UC Davis,Big West Conference,0,9,8, 70.59 , 72.18 , 43.20 ,416,963, 31.89 ,96,301, 77.49 ,272,351, 29.59 , 8.18 , 21.41 , 10.76 , 14.18 , 7.35 , 2.71 ,223,217,231
1203,G Washington,Atlantic 10 Conference,0,5,12, 68.12 , 72.29 , 44.24 ,411,929, 32.28 ,102,316, 69.85 ,234,335, 32.41 , 7.12 , 25.29 , 11.41 , 13.29 , 6.29 , 2.71 ,258,218,214
1286,Montana St,Big Sky Conference,0,11,10, 71.10 , 72.10 , 44.37 ,512,1154, 32.02 ,122,381, 74.62 ,347,465, 29.67 , 6.90 , 22.76 , 10.10 , 12.38 , 5.57 , 2.29 ,225,219,217
1174,Delaware,Colonial Athletic Association,0,6,8, 66.71 , 66.86 , 43.28 ,319,737, 31.38 ,91,290, 71.68 ,205,286, 32.21 , 8.14 , 24.07 , 11.79 , 13.50 , 4.64 , 3.50 ,220,220,223
1158,Col Charleston,Colonial Athletic Association,0,7,10, 68.00 , 69.82 , 43.97 ,416,946, 38.20 ,144,377, 70.31 ,180,256, 29.29 , 6.65 , 22.65 , 10.41 , 10.06 , 5.29 , 2.94 ,219,221,200
1284,Monmouth NJ,Metro Atlantic Athletic Conference,0,12,8, 76.05 , 74.30 , 42.25 ,518,1226, 36.32 ,154,424, 70.73 ,331,468, 33.80 , 8.35 , 25.45 , 14.00 , 12.90 , 8.30 , 3.50 ,193,222,199
1262,MA Lowell,America East Conference,0,11,12, 68.48 , 70.91 , 45.16 ,560,1240, 34.64 ,150,433, 66.16 ,305,461, 31.65 , 7.48 , 24.17 , 11.61 , 14.17 , 5.00 , 3.87 ,211,223,224
1411,TX Southern,Southwest Athletic Conference,0,15,8, 73.57 , 70.09 , 44.53 ,607,1363, 27.70 ,105,379, 70.64 ,373,528, 36.35 , 10.22 , 26.13 , 11.70 , 14.83 , 7.04 , 4.61 ,208,224,215
1392,Stony Brook,America East Conference,0,8,14, 65.41 , 66.82 , 40.73 ,512,1257, 29.17 ,133,456, 67.95 ,282,415, 34.50 , 9.59 , 24.91 , 11.59 , 13.32 , 5.41 , 4.64 ,226,225,213
1370,Seattle,Western Athletic Conference,0,8,11, 70.26 , 72.00 , 39.83 ,468,1175, 31.77 ,156,491, 72.75 ,243,334, 29.95 , 9.00 , 20.95 , 10.79 , 10.63 , 6.53 , 2.95 ,248,226,227
1464,Youngstown St,Horizon League,0,11,12, 73.43 , 75.04 , 43.05 ,604,1403, 30.93 ,159,514, 72.52 ,322,444, 32.87 , 11.00 , 21.87 , 12.74 , 11.48 , 5.39 , 1.39 ,254,227,250
1150,Charlotte,Conference USA,0,9,15, 63.13 , 66.38 , 43.52 ,524,1204, 32.70 ,137,419, 73.66 ,330,448, 29.00 , 5.96 , 23.04 , 11.25 , 12.58 , 5.29 , 2.79 ,231,228,212
1107,SUNY Albany,America East Conference,0,7,9, 69.38 , 68.69 , 44.73 ,395,883, 33.66 ,102,303, 72.43 ,218,301, 27.69 , 5.81 , 21.88 , 11.69 , 12.13 , 6.13 , 1.81 ,213,229,209
1347,Radford,Big South Conference,0,13,12, 66.16 , 65.76 , 44.90 ,577,1285, 30.90 ,144,466, 68.86 ,356,517, 32.84 , 8.84 , 24.00 , 10.36 , 14.60 , 5.84 , 1.68 ,227,230,234
1421,UNC Asheville,Big South Conference,0,10,10, 73.40 , 72.80 , 47.61 ,548,1151, 35.78 ,161,450, 60.63 ,211,348, 29.35 , 7.75 , 21.60 , 12.70 , 14.40 , 7.00 , 4.35 ,240,231,233
1441,W Carolina,Southern Conference,0,9,16, 74.08 , 79.48 , 44.92 ,655,1458, 33.22 ,200,602, 72.77 ,342,470, 31.00 , 6.56 , 24.44 , 12.92 , 14.08 , 4.84 , 2.56 ,234,232,243
1255,Longwood,Big South Conference,0,12,15, 66.30 , 67.37 , 43.35 ,639,1474, 34.60 ,191,552, 69.03 ,321,465, 29.30 , 7.67 , 21.63 , 10.44 , 12.63 , 6.30 , 1.63 ,244,233,272
1423,UNC Wilmington,Colonial Athletic Association,0,6,10, 73.81 , 74.19 , 42.43 ,398,938, 34.02 ,116,341, 77.30 ,269,348, 29.13 , 8.06 , 21.06 , 11.19 , 10.94 , 5.44 , 3.44 ,237,234,221
1114,Ark Little Rock,Sun Belt Conference,0,10,15, 68.32 , 69.28 , 45.22 ,605,1338, 31.25 ,140,448, 71.03 ,358,504, 31.80 , 8.88 , 22.92 , 13.36 , 14.68 , 6.36 , 3.24 ,228,235,191
1471,UC San Diego,Big West Conference,0,4,10, 68.64 , 76.57 , 45.98 ,360,783, 36.98 ,142,384, 60.74 ,99,163, 25.43 , 4.50 , 20.93 , 16.50 , 13.50 , 5.71 , 1.71 ,252,236,262
1252,Lipscomb,Atlantic Sun Conference,0,11,12, 68.78 , 70.22 , 44.96 ,558,1241, 34.07 ,154,452, 68.87 ,312,453, 29.91 , 6.43 , 23.48 , 12.52 , 11.48 , 5.74 , 1.96 ,243,237,230
1465,Cal Baptist,Western Athletic Conference,0,9,10, 76.32 , 76.53 , 45.95 ,494,1075, 39.49 ,171,433, 73.30 ,291,397, 33.16 , 8.21 , 24.95 , 15.89 , 13.84 , 4.58 , 2.37 ,249,238,226
1453,WI Green Bay,Horizon League,0,8,17, 71.60 , 76.52 , 43.53 ,656,1507, 33.27 ,170,511, 74.94 ,308,411, 29.84 , 7.84 , 22.00 , 14.08 , 10.44 , 5.52 , 3.60 ,274,239,260
1341,Prairie View,Southwest Athletic Conference,0,16,5, 71.29 , 64.24 , 44.82 ,567,1265, 30.42 ,139,457, 65.50 ,224,342, 32.52 , 10.05 , 22.48 , 15.86 , 13.38 , 9.62 , 4.24 ,201,240,241
1294,N Colorado,Big Sky Conference,0,8,11, 68.00 , 70.47 , 43.16 ,448,1038, 37.50 ,168,448, 68.06 ,228,335, 30.32 , 7.21 , 23.11 , 10.05 , 13.84 , 4.58 , 2.84 ,263,241,229
1391,Stetson,Atlantic Sun Conference,0,9,13, 69.73 , 72.55 , 43.24 ,544,1258, 36.92 ,199,539, 70.57 ,247,350, 30.36 , 8.09 , 22.27 , 13.45 , 12.82 , 6.68 , 2.32 ,266,242,259
1310,Niagara,Metro Atlantic Athletic Conference,0,9,11, 64.65 , 65.20 , 40.76 ,448,1099, 31.30 ,128,409, 70.79 ,269,380, 28.70 , 6.75 , 21.95 , 11.80 , 9.45 , 5.85 , 1.95 ,222,243,237
1145,Canisius,Metro Atlantic Athletic Conference,0,7,6, 70.38 , 71.15 , 40.84 ,321,786, 29.66 ,97,327, 70.97 ,176,248, 31.85 , 8.77 , 23.08 , 12.69 , 11.85 , 5.62 , 3.46 ,207,244,225
1117,Arkansas St,Sun Belt Conference,0,8,13, 69.29 , 71.38 , 42.71 ,513,1201, 37.43 ,128,342, 72.36 ,301,416, 34.00 , 9.57 , 24.43 , 13.48 , 12.67 , 6.14 , 2.76 ,241,245,216
1253,Long Beach St,Big West Conference,0,6,12, 73.78 , 79.44 , 44.51 ,466,1047, 35.88 ,127,354, 68.10 ,269,395, 32.50 , 7.06 , 25.44 , 11.67 , 15.39 , 6.22 , 2.89 ,271,246,269
1131,Boston Univ,Patriot League,0,7,11, 69.39 , 73.94 , 43.66 ,451,1033, 31.81 ,125,393, 75.00 ,222,296, 32.67 , 8.61 , 24.06 , 9.83 , 12.17 , 5.28 , 2.83 ,176,247,228
1426,UT Arlington,Sun Belt Conference,0,10,13, 69.52 , 72.17 , 39.18 ,563,1437, 35.29 ,198,561, 72.94 ,275,377, 32.43 , 9.26 , 23.17 , 12.09 , 10.70 , 7.96 , 4.52 ,246,248,196
1379,Southern Miss,Conference USA,0,6,17, 63.09 , 67.87 , 42.55 ,540,1269, 31.50 ,120,381, 68.96 ,251,364, 31.70 , 6.48 , 25.22 , 11.83 , 13.48 , 5.78 , 2.13 ,269,249,239
1237,IUPUI,Horizon League,0,8,10, 71.17 , 75.78 , 42.28 ,452,1069, 34.38 ,143,416, 71.78 ,234,326, 30.44 , 7.94 , 22.50 , 13.28 , 13.44 , 6.89 , 2.22 ,270,250,288
1248,Lafayette,Patriot League,0,9,6, 77.67 , 76.67 , 43.64 ,405,928, 36.03 ,129,358, 80.43 ,226,281, 32.13 , 7.93 , 24.20 , 16.20 , 10.60 , 6.27 , 3.40 ,198,251,242
1340,Portland St,Big Sky Conference,0,6,12, 65.78 , 67.44 , 38.73 ,409,1056, 29.20 ,120,411, 67.40 ,246,365, 32.00 , 10.17 , 21.83 , 9.78 , 13.56 , 8.22 , 2.78 ,268,252,248
1168,CS Fullerton,Big West Conference,0,5,10, 75.87 , 79.13 , 44.46 ,393,884, 37.97 ,120,316, 73.65 ,232,315, 29.47 , 6.93 , 22.53 , 13.07 , 12.47 , 6.67 , 1.87 ,257,253,264
1170,CS Sacramento,Big Sky Conference,0,6,12, 69.83 , 73.94 , 44.83 ,460,1026, 37.70 ,118,313, 67.80 ,219,323, 27.33 , 7.44 , 19.89 , 11.50 , 9.89 , 6.83 , 2.22 ,259,254,246
1110,American Univ,Patriot League,0,4,6, 69.10 , 73.60 , 44.52 ,248,557, 37.82 ,90,238, 70.47 ,105,149, 29.60 , 6.60 , 23.00 , 12.80 , 15.40 , 7.30 , 4.70 ,192,255,254
1359,Samford,Southern Conference,0,4,13, 72.29 , 79.59 , 42.34 ,456,1077, 28.33 ,119,420, 67.81 ,198,292, 35.41 , 9.53 , 25.88 , 13.06 , 15.71 , 6.76 , 2.41 ,267,256,268
1254,LIU Brooklyn,Northeast Conference,0,9,9, 74.00 , 72.94 , 41.47 ,479,1155, 28.69 ,134,467, 66.67 ,240,360, 36.17 , 11.44 , 24.72 , 16.28 , 14.11 , 8.44 , 3.83 ,217,257,251
1265,Marist,Metro Atlantic Athletic Conference,0,12,9, 63.43 , 63.62 , 42.68 ,475,1113, 31.00 ,142,458, 68.38 ,240,351, 32.14 , 6.24 , 25.90 , 10.90 , 13.81 , 5.43 , 4.00 ,230,258,258
1306,New Hampshire,America East Conference,0,9,9, 65.83 , 67.33 , 39.52 ,415,1050, 31.77 ,122,384, 67.73 ,233,344, 32.89 , 9.11 , 23.78 , 10.94 , 10.44 , 5.11 , 2.78 ,239,259,244
1470,Tarleton St,Western Athletic Conference,0,5,10, 63.87 , 68.13 , 43.25 ,330,763, 37.44 ,82,219, 74.23 ,216,291, 24.53 , 4.40 , 20.13 , 11.33 , 10.93 , 6.73 , 2.27 ,255,260,238
1444,W Michigan,Mid-American Conference,0,4,16, 63.15 , 73.45 , 43.01 ,474,1102, 33.17 ,139,419, 65.92 ,176,267, 31.30 , 7.25 , 24.05 , 11.70 , 13.95 , 4.15 , 1.95 ,299,261,285
1226,Idaho St,Big Sky Conference,0,8,11, 61.84 , 64.53 , 41.34 ,401,970, 30.21 ,113,374, 69.33 ,260,375, 30.63 , 8.26 , 22.37 , 9.84 , 14.79 , 4.00 , 3.16 ,272,262,257
1369,SE Missouri St,Ohio Valley Conference,0,11,16, 69.04 , 71.70 , 42.92 ,630,1468, 35.22 ,205,582, 67.06 ,399,595, 32.44 , 8.22 , 24.22 , 13.85 , 15.04 , 6.85 , 2.37 ,276,263,282
1204,Ga Southern,Sun Belt Conference,0,9,13, 66.41 , 70.36 , 41.50 ,527,1270, 30.94 ,164,530, 65.68 ,243,370, 31.77 , 9.68 , 22.09 , 11.41 , 14.00 , 7.86 , 3.95 ,261,264,240
1236,PFW,Horizon League,0,8,15, 75.13 , 78.65 , 50.12 ,631,1259, 40.00 ,204,510, 68.95 ,262,380, 29.22 , 6.74 , 22.48 , 14.26 , 16.52 , 6.78 , 2.78 ,283,265,279
1238,Jackson St,Southwest Athletic Conference,0,12,6, 65.61 , 62.83 , 39.62 ,397,1002, 34.01 ,100,294, 68.01 ,287,422, 34.56 , 9.33 , 25.22 , 10.44 , 14.22 , 8.17 , 3.28 ,256,266,278
1169,CS Northridge,Big West Conference,0,8,13, 70.90 , 77.62 , 42.04 ,523,1244, 33.48 ,157,469, 72.59 ,286,394, 29.29 , 7.38 , 21.90 , 12.67 , 11.38 , 6.43 , 1.95 ,279,267,294
1137,Bucknell,Patriot League,0,5,7, 74.92 , 77.33 , 45.53 ,311,683, 32.96 ,88,267, 76.21 ,189,248, 31.17 , 5.33 , 25.83 , 12.00 , 12.50 , 5.83 , 3.50 ,212,268,256
1141,C Michigan,Mid-American Conference,0,5,15, 73.75 , 81.90 , 43.55 ,527,1210, 32.21 ,124,385, 67.81 ,297,438, 31.60 , 8.70 , 22.90 , 10.00 , 12.80 , 7.50 , 3.00 ,307,269,275
1467,Merrimack,Northeast Conference,0,9,9, 66.28 , 66.67 , 44.88 ,434,967, 31.66 ,126,398, 66.33 ,199,300, 27.89 , 5.78 , 22.11 , 12.00 , 13.00 , 8.00 , 3.78 ,224,270,276
1185,E Michigan,Mid-American Conference,0,3,12, 67.40 , 80.40 , 40.92 ,365,892, 30.56 ,103,337, 74.17 ,178,240, 27.93 , 7.73 , 20.20 , 10.87 , 11.80 , 7.33 , 2.00 ,315,271,289
1227,IL Chicago,Horizon League,0,9,13, 67.68 , 72.32 , 42.89 ,558,1301, 32.72 ,178,544, 65.88 ,195,296, 31.64 , 6.91 , 24.73 , 13.50 , 12.77 , 3.68 , 3.09 ,287,272,274
1197,Florida A&M,Mid-Eastern Athletic Conference,0,8,12, 65.70 , 68.50 , 44.40 ,500,1126, 31.35 ,95,303, 65.18 ,219,336, 31.50 , 8.45 , 23.05 , 13.25 , 16.25 , 6.50 , 2.50 ,285,273,298
1219,High Point,Big South Conference,0,9,15, 66.67 , 69.88 , 41.56 ,564,1357, 29.04 ,115,396, 68.65 ,357,520, 32.00 , 10.04 , 21.96 , 12.17 , 11.92 , 6.58 , 3.75 ,277,274,300
1466,North Alabama,Atlantic Sun Conference,0,9,11, 68.50 , 72.25 , 41.75 ,486,1164, 32.96 ,149,452, 75.68 ,249,329, 33.80 , 8.25 , 25.55 , 10.40 , 13.90 , 5.10 , 2.95 ,282,275,263
1346,Quinnipiac,Metro Atlantic Athletic Conference,0,9,13, 67.50 , 69.00 , 40.14 ,505,1258, 32.38 ,169,522, 68.76 ,306,445, 34.55 , 6.91 , 27.64 , 12.68 , 13.82 , 5.59 , 4.55 ,253,276,265
1299,NC A&T,Mid-Eastern Athletic Conference,0,9,10, 69.16 , 75.37 , 40.37 ,463,1147, 30.37 ,116,382, 66.18 ,272,411, 30.16 , 9.11 , 21.05 , 12.74 , 13.16 , 8.00 , 2.42 ,284,277,304
1309,New Orleans,Southland Conference,0,9,15, 76.04 , 77.21 , 47.42 ,671,1415, 33.91 ,137,404, 73.93 ,346,468, 30.96 , 7.83 , 23.13 , 15.63 , 16.08 , 7.71 , 2.75 ,293,278,277
1164,Coppin St,Mid-Eastern Athletic Conference,0,9,13, 72.82 , 79.14 , 41.07 ,529,1288, 30.30 ,193,637, 62.23 ,351,564, 33.00 , 5.91 , 27.09 , 13.00 , 15.64 , 8.55 , 3.23 ,260,279,310
1195,FL Gulf Coast,Atlantic Sun Conference,0,8,8, 68.06 , 70.56 , 41.28 ,405,981, 28.94 ,125,432, 65.53 ,154,235, 34.31 , 9.19 , 25.13 , 12.25 , 14.25 , 6.81 , 4.19 ,291,280,255
1307,New Mexico,Mountain West Conference,0,4,16, 62.10 , 72.75 , 39.90 ,460,1153, 26.80 ,93,347, 60.42 ,229,379, 32.30 , 10.40 , 21.90 , 12.00 , 14.15 , 5.55 , 3.70 ,302,281,267
1192,F Dickinson,Northeast Conference,0,9,15, 75.04 , 78.75 , 45.04 ,645,1432, 37.52 ,194,517, 71.24 ,317,445, 30.83 , 8.79 , 22.04 , 11.96 , 13.71 , 7.58 , 3.88 ,238,282,280
1383,St Francis NY,Northeast Conference,0,9,10, 77.68 , 79.53 , 44.61 ,542,1215, 33.15 ,118,356, 73.46 ,274,373, 33.47 , 9.74 , 23.74 , 14.26 , 11.58 , 8.05 , 3.47 ,235,283,291
1410,UTRGV,Western Athletic Conference,0,5,10, 65.60 , 70.00 , 38.02 ,341,897, 26.73 ,89,333, 63.02 ,213,338, 32.07 , 10.40 , 21.67 , 12.87 , 13.27 , 7.87 , 3.80 ,289,284,253
1315,North Dakota,Summit League,0,9,17, 68.73 , 75.73 , 42.85 ,623,1454, 33.69 ,190,564, 69.78 ,351,503, 29.62 , 6.73 , 22.88 , 11.77 , 12.62 , 5.15 , 2.12 ,297,285,283
1352,Robert Morris,Horizon League,0,3,15, 72.17 , 79.83 , 44.27 ,487,1100, 36.53 ,137,375, 65.51 ,188,287, 31.06 , 9.56 , 21.50 , 15.67 , 13.17 , 6.39 , 2.78 ,310,286,293
1221,Holy Cross,Patriot League,0,5,11, 70.63 , 76.06 , 44.48 ,423,951, 35.35 ,111,314, 69.76 ,173,248, 29.13 , 7.69 , 21.44 , 12.00 , 12.63 , 6.81 , 3.94 ,204,287,292
1312,NJIT,America East Conference,0,7,12, 66.11 , 70.16 , 40.44 ,440,1088, 30.51 ,119,390, 69.09 ,257,372, 28.95 , 7.74 , 21.21 , 9.53 , 10.63 , 6.68 , 2.21 ,265,288,270
1198,Florida Intl,Conference USA,0,5,17, 70.27 , 78.23 , 42.46 ,560,1319, 32.72 ,212,648, 67.51 ,214,317, 28.77 , 8.18 , 20.59 , 13.23 , 14.91 , 7.41 , 3.82 ,295,289,252
1406,Towson,Colonial Athletic Association,0,4,14, 67.44 , 74.94 , 41.14 ,434,1055, 28.94 ,90,311, 72.73 ,256,352, 33.89 , 10.72 , 23.17 , 9.44 , 11.56 , 5.00 , 2.78 ,290,290,261
1456,William & Mary,Colonial Athletic Association,0,7,10, 64.76 , 72.00 , 40.93 ,388,948, 28.65 ,98,342, 74.92 ,227,303, 30.00 , 7.94 , 22.06 , 10.76 , 13.06 , 5.29 , 3.29 ,275,291,273
1200,Fordham,Atlantic 10 Conference,0,2,12, 51.79 , 66.57 , 35.89 ,257,716, 26.87 ,79,294, 67.01 ,132,197, 27.00 , 5.64 , 21.36 , 10.93 , 12.64 , 6.21 , 2.00 ,320,292,299
1239,Jacksonville,Atlantic Sun Conference,0,9,13, 65.68 , 70.09 , 42.62 ,511,1199, 31.36 ,148,472, 66.91 ,275,411, 29.59 , 7.32 , 22.27 , 10.32 , 13.50 , 6.68 , 2.32 ,294,293,296
1384,St Francis PA,Northeast Conference,0,6,16, 68.86 , 73.36 , 42.77 ,541,1265, 30.94 ,129,417, 71.36 ,304,426, 32.41 , 8.59 , 23.82 , 12.86 , 13.50 , 5.73 , 2.14 ,264,294,284
1419,ULM,Sun Belt Conference,0,7,19, 64.23 , 68.92 , 41.60 ,609,1464, 33.98 ,194,571, 70.30 ,258,367, 28.27 , 6.92 , 21.35 , 13.65 , 12.42 , 7.42 , 2.85 ,292,295,266
1442,W Illinois,Summit League,0,6,15, 72.67 , 80.52 , 39.94 ,518,1297, 31.79 ,151,475, 71.67 ,339,473, 34.95 , 9.81 , 25.14 , 10.10 , 12.19 , 5.14 , 2.86 ,313,296,307
1407,Troy,Sun Belt Conference,0,8,17, 63.60 , 71.60 , 38.86 ,551,1418, 28.06 ,158,563, 70.36 ,330,469, 33.44 , 9.00 , 24.44 , 11.16 , 14.52 , 5.80 , 2.88 ,286,297,281
1292,MTSU,Conference USA,0,4,18, 61.36 , 71.36 , 38.85 ,488,1256, 32.47 ,163,502, 67.63 ,211,312, 29.82 , 7.55 , 22.27 , 9.82 , 14.55 , 6.95 , 2.23 ,303,298,271
1316,North Florida,Atlantic Sun Conference,0,7,14, 68.43 , 75.29 , 43.98 ,511,1162, 36.20 ,202,558, 72.20 ,213,295, 28.43 , 7.29 , 21.14 , 12.43 , 14.05 , 4.43 , 3.19 ,296,299,287
1193,Fairfield,Metro Atlantic Athletic Conference,0,10,17, 61.78 , 66.67 , 39.84 ,580,1456, 31.53 ,163,517, 69.56 ,345,496, 32.22 , 8.41 , 23.81 , 10.04 , 12.04 , 4.63 , 2.30 ,273,300,290
1183,E Illinois,Ohio Valley Conference,0,9,18, 69.41 , 74.93 , 43.56 ,707,1623, 32.40 ,186,574, 65.71 ,274,417, 31.56 , 8.96 , 22.59 , 13.33 , 13.59 , 7.15 , 3.26 ,304,301,286
1249,Lamar,Southland Conference,0,10,18, 65.82 , 72.36 , 41.67 ,670,1608, 31.24 ,139,445, 73.39 ,364,496, 31.54 , 8.29 , 23.25 , 11.86 , 13.39 , 7.14 , 4.21 ,306,302,302
1380,Southern Univ,Southwest Athletic Conference,0,8,11, 69.84 , 70.26 , 43.18 ,465,1077, 32.30 ,104,322, 67.20 ,293,436, 34.00 , 8.84 , 25.16 , 14.05 , 15.37 , 8.16 , 2.58 ,288,303,303
1303,NE Omaha,Summit League,0,5,20, 67.32 , 77.96 , 41.83 ,625,1494, 33.50 ,133,397, 68.81 ,300,436, 31.88 , 7.28 , 24.60 , 9.44 , 12.72 , 5.64 , 3.00 ,324,304,301
1399,Tennessee Tech,Ohio Valley Conference,0,5,22, 66.56 , 76.85 , 43.24 ,656,1517, 32.10 ,208,648, 67.56 ,277,410, 30.67 , 7.67 , 23.00 , 14.07 , 15.11 , 6.52 , 2.30 ,316,305,316
1224,Howard,Mid-Eastern Athletic Conference,0,1,3, 73.00 , 84.75 , 43.23 ,99,229, 34.62 ,36,104, 68.24 ,58,85, 31.75 , 6.25 , 25.50 , 16.00 , 13.00 , 5.50 , 5.00 ,312,306,340
1264,Manhattan,Metro Atlantic Athletic Conference,0,7,13, 63.40 , 67.25 , 37.68 ,439,1165, 26.44 ,115,435, 66.59 ,275,413, 33.35 , 11.05 , 22.30 , 11.75 , 13.90 , 7.70 , 3.70 ,281,307,295
1351,Rider,Metro Atlantic Athletic Conference,0,6,17, 67.52 , 74.00 , 42.79 ,564,1318, 35.28 ,145,411, 73.30 ,280,382, 30.65 , 7.65 , 23.00 , 12.35 , 11.96 , 5.09 , 2.04 ,278,308,297
1357,Sacred Heart,Northeast Conference,0,9,9, 70.28 , 75.00 , 41.20 ,431,1046, 32.95 ,143,434, 74.07 ,260,351, 32.17 , 9.17 , 23.00 , 13.39 , 12.28 , 4.89 , 2.11 ,262,309,305
1398,Tennessee St,Ohio Valley Conference,0,3,19, 67.41 , 74.27 , 41.93 ,535,1276, 28.82 ,130,451, 67.87 ,283,417, 30.18 , 7.23 , 22.95 , 11.27 , 14.68 , 7.23 , 3.18 ,323,310,311
1367,SC Upstate,Big South Conference,0,5,17, 65.59 , 74.09 , 42.17 ,509,1207, 33.88 ,164,484, 72.50 ,261,360, 28.41 , 6.64 , 21.77 , 11.95 , 13.82 , 6.18 , 2.59 ,309,311,320
1188,SIUE,Ohio Valley Conference,0,8,17, 65.16 , 74.08 , 43.79 ,589,1345, 31.20 ,146,468, 68.39 ,305,446, 29.00 , 7.64 , 21.36 , 12.80 , 15.20 , 5.84 , 4.40 ,318,312,319
1322,Northwestern LA,Southland Conference,0,10,18, 72.46 , 81.00 , 43.07 ,740,1718, 34.72 ,200,576, 67.50 ,349,517, 31.96 , 8.54 , 23.43 , 12.68 , 13.96 , 6.93 , 2.96 ,311,313,308
1127,Binghamton,America East Conference,0,4,14, 65.44 , 72.33 , 41.39 ,430,1039, 33.05 ,156,472, 67.22 ,162,241, 32.56 , 8.89 , 23.67 , 11.06 , 13.39 , 5.00 , 3.06 ,298,314,315
1212,Grambling,Southwest Athletic Conference,0,11,12, 67.35 , 69.13 , 43.02 ,539,1253, 33.33 ,121,363, 66.67 ,350,525, 32.30 , 7.96 , 24.35 , 13.91 , 15.13 , 8.17 , 2.96 ,300,315,309
1342,Presbyterian,Big South Conference,0,6,15, 63.14 , 68.10 , 41.36 ,467,1129, 30.30 ,120,396, 68.51 ,272,397, 30.38 , 9.62 , 20.76 , 10.48 , 14.86 , 6.90 , 2.19 ,314,316,324
1214,Hampton,Big South Conference,0,11,14, 68.84 , 73.24 , 43.08 ,619,1437, 33.21 ,185,557, 72.51 ,298,411, 30.76 , 6.68 , 24.08 , 11.68 , 12.28 , 6.08 , 5.96 ,305,317,321
1319,Northern Arizona,Big Sky Conference,0,6,16, 63.18 , 74.55 , 42.19 ,505,1197, 35.01 ,139,397, 66.21 ,241,364, 26.45 , 6.86 , 19.59 , 10.82 , 11.23 , 5.45 , 1.55 ,322,318,313
1300,NC Central,Mid-Eastern Athletic Conference,0,4,9, 65.23 , 72.46 , 40.89 ,294,719, 33.08 ,86,260, 70.16 ,174,248, 27.77 , 7.69 , 20.08 , 11.08 , 14.31 , 6.54 , 2.69 ,325,319,318
1339,Portland,West Coast Conference,0,3,15, 67.44 , 85.11 , 39.82 ,405,1017, 33.76 ,131,388, 79.13 ,273,345, 25.50 , 4.94 , 20.56 , 11.78 , 13.33 , 5.72 , 2.72 ,327,320,329
1102,Air Force,Mountain West Conference,0,5,20, 58.72 , 71.92 , 44.62 ,522,1170, 33.02 ,174,527, 69.25 ,250,361, 20.76 , 3.56 , 17.20 , 12.32 , 13.16 , 7.08 , 2.48 ,319,321,306
1363,San Jose St,Mountain West Conference,0,3,16, 63.89 , 82.37 , 38.45 ,428,1113, 31.59 ,139,440, 65.57 ,219,334, 29.53 , 6.58 , 22.95 , 9.58 , 12.47 , 4.84 , 2.58 ,332,322,336
1469,Dixie St,Western Athletic Conference,0,6,13, 67.63 , 78.21 , 40.40 ,444,1099, 29.68 ,111,374, 73.52 ,286,389, 30.84 , 7.68 , 23.16 , 14.42 , 15.26 , 6.74 , 2.05 ,317,323,328
1146,Cent Arkansas,Southland Conference,0,4,19, 69.96 , 82.83 , 43.16 ,571,1323, 36.00 ,162,450, 71.26 ,305,428, 33.09 , 8.70 , 24.39 , 13.26 , 17.26 , 4.91 , 2.65 ,321,324,312
1250,Lehigh,Patriot League,0,4,11, 68.33 , 76.60 , 43.06 ,388,901, 31.60 ,73,231, 70.12 ,176,251, 32.60 , 8.07 , 24.53 , 12.73 , 12.60 , 6.00 , 2.13 ,280,325,317
1142,Cal Poly,Big West Conference,0,3,20, 59.78 , 71.91 , 38.62 ,482,1248, 31.53 ,146,463, 72.01 ,265,368, 28.61 , 6.30 , 22.30 , 11.61 , 13.52 , 6.22 , 3.35 ,326,326,323
1296,N Illinois,Mid-American Conference,0,3,16, 62.32 , 77.42 , 39.90 ,456,1143, 32.40 ,104,321, 61.54 ,168,273, 32.95 , 11.16 , 21.79 , 10.74 , 13.26 , 5.79 , 3.42 ,337,327,322
1244,Kennesaw,Atlantic Sun Conference,0,2,19, 62.19 , 72.67 , 40.29 ,471,1169, 29.43 ,128,435, 65.92 ,236,358, 30.48 , 7.57 , 22.90 , 9.81 , 13.90 , 5.19 , 2.48 ,335,328,330
1149,Charleston So,Big South Conference,0,2,18, 64.05 , 74.55 , 39.77 ,445,1119, 31.07 ,151,486, 71.22 ,240,337, 31.55 , 7.60 , 23.95 , 9.95 , 15.95 , 5.80 , 3.90 ,333,329,333
1368,SE Louisiana,Southland Conference,0,8,18, 68.27 , 77.65 , 39.45 ,591,1498, 29.16 ,177,607, 67.75 ,416,614, 31.00 , 10.35 , 20.65 , 10.04 , 15.35 , 6.92 , 2.46 ,329,330,326
1148,Central Conn,Northeast Conference,0,5,16, 68.52 , 77.38 , 42.44 ,522,1230, 32.40 ,150,463, 70.20 ,245,349, 28.62 , 7.10 , 21.52 , 12.86 , 13.86 , 6.90 , 2.57 ,301,331,335
1270,McNeese St,Southland Conference,0,4,14, 71.22 , 78.11 , 46.35 ,464,1001, 37.16 ,136,366, 71.01 ,218,307, 30.61 , 7.33 , 23.28 , 15.44 , 15.72 , 5.50 , 2.17 ,336,332,314
1223,Houston Bap,Southland Conference,0,5,19, 70.13 , 81.13 , 42.11 ,600,1425, 33.33 ,189,567, 73.13 ,294,402, 30.96 , 7.79 , 23.17 , 13.83 , 16.46 , 6.96 , 3.63 ,334,333,334
1230,Incarnate Word,Southland Conference,0,5,14, 65.16 , 72.74 , 42.77 ,429,1003, 38.19 ,152,398, 69.94 ,228,326, 26.89 , 6.05 , 20.84 , 11.68 , 13.37 , 5.11 , 1.53 ,330,334,332
1176,Denver,Summit League,0,1,19, 69.20 , 79.80 , 43.81 ,488,1114, 34.81 ,134,385, 72.11 ,274,380, 27.25 , 5.95 , 21.30 , 11.65 , 14.70 , 5.85 , 2.45 ,341,335,331
1263,Maine,America East Conference,0,2,7, 53.11 , 64.56 , 38.05 ,172,452, 31.53 ,64,203, 56.91 ,70,123, 29.44 , 7.11 , 22.33 , 12.00 , 15.44 , 5.67 , 4.44 ,308,336,327
1394,TAM C. Christi,Southland Conference,0,2,19, 63.43 , 74.10 , 40.85 ,462,1131, 33.33 ,137,411, 68.78 ,271,394, 30.00 , 7.19 , 22.81 , 12.48 , 16.38 , 6.67 , 2.76 ,339,337,325
1108,Alcorn St,Southwest Athletic Conference,0,6,13, 66.11 , 75.63 , 39.30 ,435,1107, 30.05 ,113,376, 72.61 ,273,376, 28.21 , 8.63 , 19.58 , 9.32 , 13.21 , 7.58 , 1.58 ,331,338,339
1404,TN Martin,Ohio Valley Conference,0,7,16, 64.17 , 77.70 , 39.67 ,526,1326, 33.19 ,157,473, 71.20 ,267,375, 29.22 , 9.48 , 19.74 , 11.96 , 13.65 , 7.09 , 2.22 ,338,339,338
1105,Alabama A&M,Southwest Athletic Conference,0,6,9, 63.33 , 67.20 , 39.98 ,347,868, 28.82 ,83,288, 62.68 ,173,276, 34.87 , 9.40 , 25.47 , 11.00 , 14.67 , 5.47 , 3.60 ,328,340,337
1175,Delaware St,Mid-Eastern Athletic Conference,0,1,16, 69.94 , 87.71 , 39.14 ,411,1050, 31.08 ,138,444, 73.16 ,229,313, 30.29 , 8.00 , 22.29 , 11.41 , 17.06 , 6.35 , 3.41 ,340,341,345
1115,Ark Pine Bluff,Southwest Athletic Conference,0,4,21, 61.96 , 76.84 , 38.64 ,524,1356, 30.75 ,123,400, 72.28 ,378,523, 29.56 , 8.56 , 21.00 , 9.60 , 15.24 , 6.40 , 3.80 ,342,342,342
1225,Idaho,Big Sky Conference,0,1,21, 61.05 , 76.45 , 43.16 ,489,1133, 34.08 ,122,358, 72.54 ,243,335, 26.27 , 5.64 , 20.64 , 12.09 , 15.82 , 4.95 , 1.95 ,344,343,341
1354,S Carolina St,Mid-Eastern Athletic Conference,0,1,17, 61.22 , 78.56 , 38.93 ,401,1030, 31.87 ,123,386, 61.89 ,177,286, 28.06 , 8.33 , 19.72 , 9.89 , 15.89 , 5.89 , 2.83 ,345,344,344
1106,Alabama St,Southwest Athletic Conference,0,4,14, 64.22 , 71.56 , 37.96 ,383,1009, 31.71 ,111,350, 64.73 ,279,431, 32.94 , 9.17 , 23.78 , 9.72 , 15.61 , 6.11 , 2.39 ,343,345,343
1152,Chicago St,Western Athletic Conference,0,0,9, 55.44 , 88.67 , 36.22 ,180,497, 25.12 ,51,203, 69.84 ,88,126, 23.56 , 4.67 , 18.89 , 9.89 , 14.56 , 5.44 , 1.44 ,346,346,346
1290,MS Valley St,Southwest Athletic Conference,0,2,22, 56.83 , 87.38 , 35.69 ,480,1345, 32.87 ,214,651, 57.23 ,190,332, 27.63 , 5.75 , 21.88 , 11.00 , 16.96 , 4.58 , 2.96 ,347,347,347